Sl_No,State,District,Spring Name,Latitude,Longitude,Elevation,pH,TDS,DEM_Elevation,Elevation_Difference,DEM_Neighborhood_Median,Neighborhood_Difference,Elevation_QC,Slope,Aspect,Annual_Rainfall_2023,LULC_Code,LULC,Distance_to_Drainage_m,Flow_Accumulation,Clay_0_5cm,Geology,Geology_Code,Geology_Source_Sheet,Geology_QC,Status,Candidate_Cells,Area_km2,Mean_Zone_Score,Median_Zone_Score,Max_Zone_Score,Mean_Elevation_m,Mean_Slope_deg,Mean_Drainage_Distance_m,Mean_Flow_Accumulation,Elevation_Support,Drainage_Support,Slope_Support,TPI_Support,Flow_Support,Evidence_Support_Index,Final_Status,Confidence_Level,Interpretation,Recharge_Suitability_Score,Recharge_Suitability_Class,Indicative_Intervention,Intervention_Category,Risk_Flag,Risk_Level,Spring_Revival_Priority_Score,Priority_Class
1,West Bengal,Darjeeling,Devithan,26.969786,88.366003,1130.68,7.3,,1181.0,50.319999999999936,1189.0,58.319999999999936,OK,24.883787155151367,33.212379455566406,3029.22314453125,10,Tree cover,123.68888888888888,9.0,273.0,Schist,921,78B/5,VISUAL_REVIEW,ZONE_CREATED,1044,0.9396,0.6856418706599715,0.6750098414966003,0.8237166994597316,1210.2567049808429,24.363643674551163,61.332671904148754,78.32183908045977,0.6187739463601533,0.9904214559386972,0.992337164750958,0.7183908045977011,0.7758620689655172,0.824904214559387,PRIMARY_ZONE,Higher,Model-derived probable recharge/influence zone; field validation required,58.75108275148564,Moderate,Site-specific recharge assessment,Site-specific Assessment,,Low,74.12266781252444,Higher Priority
2,West Bengal,Darjeeling,Dhankheti,27.011054,88.392356,1019.64,6.8,,1028.0,8.360000000000014,1027.0,7.360000000000014,OK,18.755516052246094,180.0,4049.5537109375,10,Tree cover,144.05336191291235,29.0,264.0,Phyllite,93,78A/8,VISUAL_REVIEW,SPRING_NOT_IN_TOP25_PERCENT,0,,,,,,,,,,,,,,,FIELD_VERIFICATION_REQUIRED,Unresolved,No zone assigned by current workflow; field verification required,72.25410588256001,High,Field verification before intervention,Field Verification,Field verification required,High,28.032584411832005,Lower Priority
3,West Bengal,Darjeeling,Bimla Dhara,27.043502,88.377276,1669.67,6.4,,1669.0,-0.6700000000000728,1669.0,-0.6700000000000728,OK,21.95222854614257,15.673140525817873,4049.5537109375,10,Tree cover,110.20760696961013,2.0,282.0,Schist,921,78A/8,VISUAL_REVIEW,ZONE_CREATED,1160,1.044,0.7264969856101222,0.7177922302878668,0.8682594637305194,1616.4706896551725,21.66830422765096,56.557696388768505,63.22672413793104,0.4129310344827586,0.9896551724137932,0.9698275862068966,0.7137931034482758,0.7491379310344828,0.764051724137931,PRIMARY_ZONE,Higher,Model-derived probable recharge/influence zone; field validation required,73.21981063504747,High,Contour trench / infiltration treatment,Contour / Infiltration,,Low,79.53145704166167,Higher Priority
4,West Bengal,Darjeeling,Dak Bangla,27.036528,88.352172,1578.63,6.7,,1603.0,24.36999999999989,1607.0,28.36999999999989,OK,13.394087791442873,82.19465637207031,3029.22314453125,10,Tree cover,27.55190174240253,4.0,276.0,Gneiss,831,78A/8,VISUAL_REVIEW,ZONE_CREATED,2084,1.8756,0.7235930208982313,0.7089824985245454,0.8731942413270041,1598.3565260076775,15.068693091856428,39.401763684798375,121.58157389635316,0.553742802303263,0.9985604606525912,0.9904030710172744,0.9856046065259118,0.8310940499040307,0.8586612284069098,PRIMARY_ZONE,Higher,Model-derived probable recharge/influence zone; field validation required,55.57386385888022,Moderate,Site-specific recharge assessment,Site-specific Assessment,,Low,73.54676878164742,Higher Priority
5,West Bengal,Darjeeling,Devi Dhara,27.065567,88.369774,1230.4,6.82,,1252.0,21.59999999999991,1249.0,18.59999999999991,OK,20.803756713867188,120.7104949951172,3029.22314453125,10,Tree cover,144.05336191291235,1.0,277.0,Schist,921,78A/8,VISUAL_REVIEW,SPRING_NOT_IN_TOP25_PERCENT,624,0.5616,0.7387,0.7387,0.7387,,,95.6704,,,,,,,,LOWER_CONFIDENCE_ZONE,Lower,Lower-confidence model-derived influence zone; field validation strongly recommended,54.18465808518384,Moderate,Site-specific recharge assessment,Site-specific Assessment,Lower-confidence zone,Moderate,34.07847968620313,Lower Priority
6,West Bengal,Darjeeling,Manager,26.97341,88.369895,1106.75,6.86,,1109.0,2.25,1109.0,2.25,OK,18.337203979492188,167.34878540039062,3029.22314453125,10,Tree cover,248.4964390171536,10.0,291.0,Schist,921,78B/5,VISUAL_REVIEW,ZONE_CREATED,1736,1.5624,0.7320828736307416,0.7164620568791471,0.9148075359552654,1051.836405529954,17.26224308955707,43.38677161997251,131.9233870967742,0.3110599078341013,0.993663594470046,0.9867511520737328,0.8202764976958525,0.868663594470046,0.7768721198156683,PRIMARY_ZONE,Higher,Model-derived probable recharge/influence zone; field validation required,56.92628171013594,Moderate,Site-specific recharge assessment,Site-specific Assessment,,Low,71.76930444953801,Higher Priority
7,West Bengal,Darjeeling,Nursery,27.034455,88.349508,1610.59,6.5,,1633.0,22.41000000000008,1633.0,22.41000000000008,OK,13.575847625732422,42.56023025512695,3029.22314453125,10,Tree cover,41.41607316952559,3.0,277.0,Gneiss,831,78A/8,VISUAL_REVIEW,ZONE_CREATED,2084,1.8756,0.7149619058897673,0.6985059477944023,0.8766921349219293,1640.3382918426105,14.971835929968815,46.2290321815626,108.7116122840691,0.6098848368522073,0.9980806142034548,0.9908829174664108,0.949616122840691,0.767274472168906,0.8577015355086373,PRIMARY_ZONE,Higher,Model-derived probable recharge/influence zone; field validation required,54.9304101523266,Moderate,Site-specific recharge assessment,Site-specific Assessment,,Low,73.19625114142241,Higher Priority
8,West Bengal,Darjeeling,Rai Dhara,27.061223,88.378927,1386.96,7.13,,1397.0,10.039999999999964,1397.0,10.039999999999964,OK,33.39051818847656,168.8881378173828,4049.5537109375,10,Tree cover,157.0468177602951,7.0,274.0,Schist,921,78A/8,VISUAL_REVIEW,ZONE_CREATED,1139,1.0251,0.7058405642156966,0.6969870111005847,0.8755291558649463,1407.1738366988586,29.57250210136932,54.104595435475176,79.10359964881475,0.4986830553116769,0.9859525899912204,0.8498683055311677,0.7831431079894644,0.8208955223880597,0.7817383669885865,PRIMARY_ZONE,Higher,Model-derived probable recharge/influence zone; field validation required,65.75497404639866,Moderate,Contour trench / staggered trench,Contour / Infiltration,Steep terrain,High,49.614264721357,Moderate Priority
9,West Bengal,Darjeeling,Sampang Dhara,27.044927,88.404815,932.54,7.86,,881.0,-51.53999999999997,882.0,-50.53999999999997,OK,26.07007598876953,105.3312759399414,4049.5537109375,10,Tree cover,144.05336191291235,12.0,268.0,Gneiss,831,78A/8,VISUAL_REVIEW,SPRING_NOT_IN_TOP25_PERCENT,0,,,,,,,,,,,,,,,FIELD_VERIFICATION_REQUIRED,Unresolved,No zone assigned by current workflow; field verification required,71.57346554772435,High,Field verification before intervention,Field Verification,Field verification required,High,27.811376303010416,Lower Priority
10,West Bengal,Darjeeling,Singh,26.974497,88.367814,1075.78,5.87,,1093.0,17.220000000000027,1094.0,18.220000000000027,OK,17.2628173828125,159.48873901367188,3029.22314453125,10,Tree cover,67.70408110494506,3.0,277.0,Schist,921,78B/5,VISUAL_REVIEW,ZONE_CREATED,1868,1.6812,0.7366301846227153,0.7214255826549757,0.8912600347496025,1038.8849036723768,16.931406723600016,34.65342626424938,158.2789079229122,0.3597430406852248,1.0,0.9876873661670236,0.9668094218415416,0.8586723768736617,0.8112955032119915,PRIMARY_ZONE,Higher,Model-derived probable recharge/influence zone; field validation required,57.46568476935085,Moderate,Site-specific recharge assessment,Site-specific Assessment,,Low,73.07170748103518,Higher Priority
11,West Bengal,Darjeeling,Swimming Pool Dhara,27.03723,88.408086,1016.25,6.8,,916.0,-100.25,916.0,-100.25,REVIEW,27.679563522338867,157.63186645507812,4049.5537109375,10,Tree cover,290.31509710417583,13.0,251.0,Phyllite,93,78A/8,VISUAL_REVIEW,ZONE_CREATED,378,0.3402,0.639973411409316,0.6334763239655636,0.7459185025788018,792.3835978835979,21.02614227238788,65.66586328936955,37.116402116402114,0.0846560846560846,0.9947089947089948,0.8386243386243386,0.8227513227513228,0.7433862433862434,0.6724867724867725,PRIMARY_ZONE,Higher,Model-derived probable recharge/influence zone; field validation required,61.73656134130439,Moderate,Site-specific recharge assessment,Site-specific Assessment,,Low,71.04288384525536,Higher Priority
12,West Bengal,Darjeeling,SM dhara,26.977935,88.392346,796.74,6.46,,801.0,4.259999999999991,801.0,4.259999999999991,OK,15.3317289352417,160.6728515625,4049.5537109375,10,Tree cover,193.5433980694505,67.0,257.0,Schist,921,78B/5,VISUAL_REVIEW,ZONE_CREATED,1318,1.1862,0.6660558559670195,0.661860875453416,0.7974530656799053,750.9871016691958,19.56649311712938,78.91326239901609,41.12746585735964,0.3399089529590288,0.960546282245827,0.9370257966616083,0.7921092564491654,0.6874051593323217,0.7344461305007588,PRIMARY_ZONE,Higher,Model-derived probable recharge/influence zone; field validation required,71.43535504526294,High,Contour trench / infiltration treatment,Contour / Infiltration,,Low,77.75106143765423,Higher Priority
13,West Bengal,Darjeeling,Singhdhap,27.034334,88.348315,1631.6,6.47,,1648.0,16.40000000000009,1650.0,18.40000000000009,OK,15.059104919433594,61.26352691650391,3029.22314453125,10,Tree cover,55.10380348480506,5.0,283.0,Gneiss,831,78A/8,VISUAL_REVIEW,ZONE_CREATED,1999,1.7991,0.7291137305507481,0.7130223650190067,0.8891294614921442,1654.6423212606303,15.44536019723213,50.91677672207321,98.99249624812406,0.6033016508254128,0.9939969984992496,0.9939969984992496,0.9624812406203102,0.7738869434717359,0.8585792896448223,PRIMARY_ZONE,Higher,Model-derived probable recharge/influence zone; field validation required,58.71006557471634,Moderate,Site-specific recharge assessment,Site-specific Assessment,,Low,75.11241147670285,Higher Priority
14,West Bengal,Darjeeling,Kanchan Dhara,27.064836,88.365293,1331.28,7.51,,1341.0,9.720000000000027,1341.0,9.720000000000027,OK,18.84121894836425,161.3917236328125,3029.22314453125,10,Tree cover,27.55190174240253,1.0,270.0,Schist,921,78A/8,VISUAL_REVIEW,ZONE_CREATED,2171,1.9539,0.6741012876460462,0.6649246277399841,0.8366036405834096,1458.0534315983418,22.62543367357954,48.7350660142345,69.83832335329342,0.7190234914785812,0.9944725932749884,0.8714877936434823,0.8770152003684938,0.8134500230308613,0.8562413634269921,PRIMARY_ZONE,Higher,Model-derived probable recharge/influence zone; field validation required,55.92010832084764,Moderate,Site-specific recharge assessment,Site-specific Assessment,,Low,73.64729506323357,Higher Priority
15,West Bengal,Darjeeling,Bas Ghari Dhara,27.044927,88.404815,932.54,7.7,,881.0,-51.53999999999997,882.0,-50.53999999999997,OK,26.07007598876953,105.3312759399414,4049.5537109375,10,Tree cover,144.05336191291235,12.0,268.0,Phyllite,93,78A/8,VISUAL_REVIEW,SPRING_NOT_IN_TOP25_PERCENT,0,,,,,,,,,,,,,,,FIELD_VERIFICATION_REQUIRED,Unresolved,No zone assigned by current workflow; field verification required,70.57346554772435,High,Field verification before intervention,Field Verification,Field verification required,High,27.486376303010417,Lower Priority
16,West Bengal,Darjeeling,Dhobi Dhara,26.898091,88.35293,902.11,6.67,,929.0,26.889999999999983,935.0,32.889999999999986,OK,18.417648315429688,78.80021667480469,3029.22314453125,10,Tree cover,27.55190174240253,38.0,255.0,Schist,921,78B/5,VISUAL_REVIEW,ZONE_CREATED,670,0.603,0.6226159082576754,0.6094487346388505,0.7831838110502609,808.7552240597015,21.70317963614467,68.50241597913052,74.11641791044777,0.1388059701492537,0.98955223880597,0.9044776119402984,0.6671641791044776,0.6716417910447762,0.6638059701492537,PRIMARY_ZONE,Higher,Model-derived probable recharge/influence zone; field validation required,62.57362331067856,Moderate,Site-specific recharge assessment,Site-specific Assessment,,Low,71.20099075981689,Higher Priority
17,West Bengal,Darjeeling,Dokan Dhara,27.0371,88.40805,1171.38,6.4,,916.0,-255.3800000000001,916.0,-255.3800000000001,REVIEW,27.679563522338867,157.63186645507812,4049.5537109375,10,Tree cover,290.31509710417583,13.0,251.0,Phyllite,93,78A/8,VISUAL_REVIEW,ZONE_CREATED,167,0.1503,0.633927468897017,0.628092872819495,0.7350424388923229,875.4610778443114,21.514741539301475,101.07963994633602,19.077844311377245,0.18562874251497,0.9580838323353292,0.8682634730538922,0.8023952095808383,0.7065868263473054,0.6859281437125748,PRIMARY_ZONE,Higher,Model-derived probable recharge/influence zone; field validation required,61.73656134130439,Moderate,Site-specific recharge assessment,Site-specific Assessment,,Low,71.44612498202945,Higher Priority
18,West Bengal,Darjeeling,,26.901733,88.297685,1954.0,6.46,,1961.0,7.0,1961.0,7.0,OK,11.325194358825684,274.6308898925781,3029.22314453125,10,Tree cover,107.89848749142158,7.0,268.0,Schist,921,78B/5,VISUAL_REVIEW,ZONE_CREATED,1456,1.3104,0.6538737907484987,0.6379385093988084,0.8239720106674375,1903.17239010989,14.223962614019571,94.03242217194962,37.81181318681319,0.4059065934065934,0.9059065934065934,0.9642857142857144,0.8125,0.5707417582417582,0.7282967032967033,PRIMARY_ZONE,Higher,Model-derived probable recharge/influence zone; field validation required,50.92053639757796,Moderate,Site-specific recharge assessment,Site-specific Assessment,,Low,67.30916929769009,Higher Priority
19,West Bengal,Darjeeling,Ghathay,26.966598,88.364237,1175.62,7.3,,1200.0,24.38000000000011,1200.0,24.38000000000011,OK,20.52153205871582,42.74623489379883,3029.22314453125,10,Tree cover,187.5679212109597,5.0,239.0,Schist,921,78B/5,VISUAL_REVIEW,ZONE_CREATED,330,0.297,0.6650782725577921,0.6515686952394506,0.8015061942685273,1219.3454545454545,21.498527962567696,51.95840973572236,91.92424242424242,0.5606060606060606,1.0,0.9848484848484848,0.7181818181818181,0.8818181818181818,0.8271212121212121,PRIMARY_ZONE,Higher,Model-derived probable recharge/influence zone; field validation required,49.45280348288023,Moderate,Site-specific recharge assessment,Site-specific Assessment,,Low,69.54003810507648,Higher Priority
20,West Bengal,Darjeeling,ndir Dhara,26.90018,88.297706,1948.46,6.17,,1967.0,18.539999999999964,1969.0,20.539999999999964,OK,9.682310104370115,198.6082763671875,3029.22314453125,10,Tree cover,82.83214633905118,4.0,272.0,Schist,921,78B/5,VISUAL_REVIEW,ZONE_CREATED,2281,2.0529,0.6406608133698559,0.6276334688586032,0.8188787007642413,1892.252082446296,13.845900353965062,101.2135626448336,35.61727312582201,0.3081981587023235,0.8478737395879,0.915387987724682,0.6356861025865849,0.6111354669004823,0.6591188075405524,PRIMARY_ZONE,Higher,Model-derived probable recharge/influence zone; field validation required,49.8539776640294,Moderate,Site-specific recharge assessment,Site-specific Assessment,,Low,64.70055305823128,Higher Priority
21,West Bengal,Darjeeling,,27.059032,88.368548,1522.73,5.4,,1537.0,14.269999999999982,1537.0,14.269999999999982,OK,28.618040084838867,132.96908569335938,3029.22314453125,10,Tree cover,55.10380348480506,5.0,272.0,Schist,921,78A/8,VISUAL_REVIEW,ZONE_CREATED,978,0.8802,0.6942806828208854,0.685582339164781,0.8586602593103958,1509.1605316973414,26.24589802699503,48.36692706486844,87.3957055214724,0.4795501022494887,0.9959100204498976,0.9038854805725972,0.9304703476482618,0.8558282208588958,0.8175869120654397,PRIMARY_ZONE,Higher,Model-derived probable recharge/influence zone; field validation required,57.15165199091964,Moderate,Site-specific recharge assessment,Site-specific Assessment,,Low,73.103433357423,Higher Priority
22,West Bengal,Darjeeling,Noryang Dhara,27.053083,88.379887,1520.42,6.88,,1637.0,116.57999999999991,1641.0,120.57999999999991,REVIEW,23.022676467895508,110.02693176269533,4049.5537109375,10,Tree cover,82.83214633905118,55.0,302.0,Schist,921,78A/8,VISUAL_REVIEW,ZONE_CREATED,460,0.414,0.7471717565710133,0.7394246958063998,0.8719809229178452,1603.695652173913,22.31161727117905,57.19399402307035,48.55217391304348,0.4260869565217391,0.9847826086956522,0.9391304347826088,0.9130434782608696,0.7108695652173913,0.7841304347826087,PRIMARY_ZONE,Higher,Model-derived probable recharge/influence zone; field validation required,84.74117287457908,High,Drainage-line recharge / small check structure,Drainage-line Recharge,,Low,85.89449948076779,Higher Priority
23,West Bengal,Darjeeling,Pangrey Khola Dhara,26.904779,88.344451,1184.31,6.8,,1159.0,-25.309999999999945,1166.0,-18.309999999999945,OK,28.0842399597168,0.0,3029.22314453125,10,Tree cover,0.0,1127.0,254.0,Schist,921,78B/5,VISUAL_REVIEW,ZONE_CREATED,904,0.8136,0.653042777003146,0.6426436408672697,0.8445540258604405,1090.632743362832,27.15955297599836,46.485142185866806,102.30862831858408,0.3661504424778761,1.0,0.961283185840708,0.8119469026548672,0.797566371681416,0.7752212389380532,PRIMARY_ZONE,Higher,Model-derived probable recharge/influence zone; field validation required,72.87824748975008,High,Drainage-line recharge / small check structure,Drainage-line Recharge,,Low,79.69576091301664,Higher Priority
24,West Bengal,Darjeeling,Pani Kuwa,26.918735,88.341995,1719.64,6.83,,1723.0,3.3599999999999,1732.0,12.3599999999999,OK,27.029584884643555,292.3541259765625,3029.22314453125,10,Tree cover,327.3391563485055,10.0,267.0,Schist,921,78B/5,VISUAL_REVIEW,ZONE_CREATED,883,0.7947,0.6226010706914725,0.6165106500897617,0.7439780091074468,1616.858437146093,28.15798240364149,101.1936310153299,43.18346545866365,0.1619479048697621,0.8584371460928653,0.9660249150622876,0.4428086070215175,0.7870894677236693,0.6327859569648925,PRIMARY_ZONE,Higher,Model-derived probable recharge/influence zone; field validation required,49.10914136138792,Moderate,Site-specific recharge assessment,Site-specific Assessment,,Low,63.53814938964073,Higher Priority
25,West Bengal,Darjeeling,Simana Dhara,27.058905,88.370231,1503.42,5.7,,1518.0,14.579999999999927,1518.0,14.579999999999927,OK,14.207261085510254,163.33824157714844,3029.22314453125,10,Tree cover,0.0,106.0,277.0,Schist,921,78A/8,VISUAL_REVIEW,ZONE_CREATED,1528,1.3752,0.6809913713490299,0.6711740142069026,0.8541067310458119,1517.6865183246073,21.20663459618245,40.333435006130266,70.73298429319372,0.4836387434554974,0.9986910994764396,0.7336387434554974,0.9404450261780104,0.819371727748691,0.781282722513089,PRIMARY_ZONE,Higher,Model-derived probable recharge/influence zone; field validation required,67.86826505632017,Moderate,Drainage-line recharge / small check structure,Drainage-line Recharge,,Low,77.37261420355274,Higher Priority
26,West Bengal,Darjeeling,Bal Goan Dhara,27.0306,88.405031,810.38,7.3,,798.0,-12.379999999999995,802.0,-8.379999999999995,OK,27.3582763671875,0.0,4049.5537109375,10,Tree cover,195.3264985061876,6.0,236.0,Phyllite,93,78A/8,VISUAL_REVIEW,ZONE_CREATED,514,0.4626,0.6680608361803578,0.6611630399143831,0.7723230259532687,762.6809338521401,27.85837928023905,63.20987300327102,29.9863813229572,0.3501945525291828,0.9980544747081712,0.9980544747081712,0.8229571984435797,0.7198443579766537,0.7680933852140078,PRIMARY_ZONE,Higher,Model-derived probable recharge/influence zone; field validation required,61.45616890717647,Moderate,Site-specific recharge assessment,Site-specific Assessment,,Low,73.77088601000847,Higher Priority
27,West Bengal,Darjeeling,Bich Dhara,27.049959,88.348444,1820.5,6.4,,1820.0,-0.5,1817.0,-3.5,OK,29.328292846679688,240.7073974609375,3029.22314453125,10,Tree cover,551.9049734115122,2.0,279.0,Gneiss/Schist,831/921,78A/8,HIGH_PRIORITY_REVIEW,SPRING_NOT_IN_TOP25_PERCENT,2007,1.8063,0.7332,0.7332,0.7332,,,131.7099,,,,,,,,LOWER_CONFIDENCE_ZONE,Lower,Lower-confidence model-derived influence zone; field validation strongly recommended,37.897367303323904,Low,Detailed field assessment,Detailed Assessment,Lower-confidence zone; Low suitability,Moderate,27.156381103912658,Lower Priority
28,West Bengal,Darjeeling,Forest Gate Dhara,27.053061,88.379778,1520.42,6.3,,1649.0,128.57999999999993,1649.0,128.57999999999993,REVIEW,21.3574447631836,111.84846496582033,4049.5537109375,10,Tree cover,103.231298137963,51.0,302.0,Schist,921,78A/8,VISUAL_REVIEW,ZONE_CREATED,327,0.2943,0.7489045326371714,0.740162315517561,0.866097501859769,1589.7339449541284,21.25960120827361,60.014063099112896,41.57186544342508,0.3211009174311927,0.9724770642201837,0.9663608562691132,0.8929663608562691,0.6880733944954128,0.7538226299694191,PRIMARY_ZONE,Higher,Model-derived probable recharge/influence zone; field validation required,83.71027011083149,High,Contour trench / infiltration treatment,Contour / Infiltration,,Low,84.4698139544983,Higher Priority
29,West Bengal,Darjeeling,Gyalchen Dhara,27.049949,88.348436,1817.4,6.27,,1820.0,2.599999999999909,1817.0,-0.4000000000000909,OK,29.328292846679688,240.7073974609375,3029.22314453125,10,Tree cover,551.9049734115122,2.0,279.0,Gneiss/Schist,831/921,78A/8,HIGH_PRIORITY_REVIEW,SPRING_NOT_IN_TOP25_PERCENT,2007,1.8063,0.7332,0.7332,0.7332,,,131.7099,,,,,,,,LOWER_CONFIDENCE_ZONE,Lower,Lower-confidence model-derived influence zone; field validation strongly recommended,37.897367303323904,Low,Detailed field assessment,Detailed Assessment,Lower-confidence zone; Low suitability,Moderate,27.156381103912658,Lower Priority
30,West Bengal,Darjeeling,Sanu Dhara,27.025794,88.396123,770.28,7.1,,771.0,0.7200000000000273,763.0,-7.279999999999973,OK,22.792312622070312,83.37092590332031,4049.5537109375,10,Tree cover,270.81632441978024,2.0,245.0,Phyllite,93,78A/8,VISUAL_REVIEW,SPRING_NOT_IN_TOP25_PERCENT,233,0.2097,0.7438,0.7438,0.7438,,,76.4426,,,,,,,,LOWER_CONFIDENCE_ZONE,Lower,Lower-confidence model-derived influence zone; field validation strongly recommended,58.605910788161,Moderate,Site-specific recharge assessment,Site-specific Assessment,Lower-confidence zone,Moderate,35.95751208496842,Lower Priority
31,West Bengal,Darjeeling,7 No. Dhara,27.014595,88.334083,1266.13,6.86,,1260.0,-6.130000000000109,1261.0,-5.130000000000109,OK,23.47440719604492,345.47955322265625,3029.22314453125,10,Tree cover,55.10380348480506,14.0,308.0,Schist,921,78A/8,VISUAL_REVIEW,ZONE_CREATED,662,0.5958,0.6841060517159626,0.6753406337410072,0.8105099270883487,1282.7069486404837,24.307912769936305,62.61584624615778,84.34138972809667,0.5060422960725075,0.9531722054380664,0.9984894259818732,0.5604229607250756,0.7870090634441088,0.7666163141993957,PRIMARY_ZONE,Higher,Model-derived probable recharge/influence zone; field validation required,66.73142430456426,Moderate,Site-specific recharge assessment,Site-specific Assessment,,Low,76.364201578264,Higher Priority
32,West Bengal,Darjeeling,11no. Dhara,27.014501,88.33439,1220.4,6.31,,1246.0,25.59999999999991,1246.0,25.59999999999991,OK,32.27888488769531,3.2940354347229004,3029.22314453125,10,Tree cover,82.65570522720759,2.0,308.0,Schist,921,78A/8,VISUAL_REVIEW,ZONE_CREATED,494,0.4446,0.6659157972341977,0.6594171238688656,0.7766028670479082,1311.740890688259,28.042236435473896,57.00558569496381,48.54251012145749,0.6659919028340081,0.9817813765182186,0.902834008097166,0.6336032388663968,0.7327935222672065,0.7974696356275303,PRIMARY_ZONE,Higher,Model-derived probable recharge/influence zone; field validation required,54.96291985753247,Moderate,Contour trench / staggered trench,Contour / Infiltration,Steep terrain,High,46.413606848434895,Moderate Priority
33,West Bengal,Darjeeling,Devithan Dhara,27.041375,88.327271,1658.18,7.6,,1614.0,-44.180000000000064,1619.0,-39.180000000000064,OK,19.325363159179688,218.3873291015625,3029.22314453125,10,Tree cover,226.34588157384368,9.0,281.0,Gneiss,831,78A/8,VISUAL_REVIEW,SPRING_NOT_IN_TOP25_PERCENT,0,,,,,,,,,,,,,,,FIELD_VERIFICATION_REQUIRED,Unresolved,No zone assigned by current workflow; field verification required,56.32649531908535,Moderate,Field verification before intervention,Field Verification,Field verification required,High,22.85611097870274,Lower Priority
34,West Bengal,Darjeeling,Dhunyal Dhara,27.075792,88.337184,1014.85,6.3,,1020.0,5.149999999999977,1016.0,1.1499999999999773,OK,19.966657638549805,272.5508728027344,3029.22314453125,10,Tree cover,144.05336191291235,1.0,250.0,Schist,921,78A/8,VISUAL_REVIEW,ZONE_CREATED,357,0.3213,0.6508043884686412,0.6406322956778085,0.7653570841446833,978.3613445378152,20.1432585339556,70.200179439946,29.9187675070028,0.3445378151260504,0.9775910364145658,0.9859943977591036,0.8431372549019608,0.6862745098039216,0.7571428571428571,PRIMARY_ZONE,Higher,Model-derived probable recharge/influence zone; field validation required,48.48437729857339,Moderate,Site-specific recharge assessment,Site-specific Assessment,,Low,66.95647436357241,Higher Priority
35,West Bengal,Darjeeling,Goan Dhara,27.075761,88.337096,1023.4,7.4,,1020.0,-3.3999999999999773,1016.0,-7.399999999999977,OK,19.966657638549805,272.5508728027344,3029.22314453125,10,Tree cover,144.05336191291235,1.0,250.0,Schist,921,78A/8,VISUAL_REVIEW,ZONE_CREATED,357,0.3213,0.6508043884686412,0.6406322956778085,0.7653570841446833,978.3613445378152,20.1432585339556,70.200179439946,29.9187675070028,0.3445378151260504,0.9775910364145658,0.9859943977591036,0.8431372549019608,0.6862745098039216,0.7571428571428571,PRIMARY_ZONE,Higher,Model-derived probable recharge/influence zone; field validation required,48.48437729857339,Moderate,Site-specific recharge assessment,Site-specific Assessment,,Low,66.95647436357241,Higher Priority
36,West Bengal,Darjeeling,Golai Dhara,27.02384,88.323936,1550.4,6.33,,1795.0,244.5999999999999,1795.0,244.5999999999999,REVIEW,27.98254776000977,40.46311569213867,3029.22314453125,10,Tree cover,364.43742934497897,5.0,279.0,Schist,921,78A/8,VISUAL_REVIEW,ZONE_CREATED,1328,1.1952,0.6908107757692697,0.6843625806589568,0.8059243472666069,1692.3524096385545,26.59198337882216,54.74403766968781,41.06475903614458,0.2191265060240964,0.9887048192771084,0.9728915662650602,0.8478915662650602,0.8057228915662651,0.744578313253012,PRIMARY_ZONE,Higher,Model-derived probable recharge/influence zone; field validation required,48.413204675030606,Moderate,Site-specific recharge assessment,Site-specific Assessment,,Low,66.54395173510567,Higher Priority
37,West Bengal,Darjeeling,Jungle Dhara,27.044667,88.325516,1455.3,7.2,,1513.0,57.700000000000045,1507.0,51.700000000000045,OK,18.804122924804688,238.50973510742188,3029.22314453125,10,Tree cover,30.92222222222222,1.0,272.0,Gneiss,831,78A/8,VISUAL_REVIEW,ZONE_CREATED,2257,2.0313,0.7064386089008555,0.6963979010244677,0.8403479309300265,1463.937970757643,19.451528092149086,43.49160057393014,81.41470979175897,0.3792645104120514,0.9871510855117412,0.9902525476295968,0.9171466548515728,0.8365086397873283,0.8027027027027027,PRIMARY_ZONE,Higher,Model-derived probable recharge/influence zone; field validation required,55.729202446160606,Moderate,Site-specific recharge assessment,Site-specific Assessment,,Low,71.94568230416138,Higher Priority
38,West Bengal,Darjeeling,Mandal Dhara,27.075901,88.33721,1014.85,6.5,,1020.0,5.149999999999977,1016.0,1.1499999999999773,OK,19.966657638549805,272.5508728027344,3029.22314453125,10,Tree cover,144.05336191291235,1.0,250.0,Schist,921,78A/8,VISUAL_REVIEW,ZONE_CREATED,349,0.3141,0.6453150196673502,0.6381969632934159,0.7578027277746189,982.8681948424068,19.99463984042897,71.60546819185568,30.255014326647565,0.3638968481375358,0.9742120343839542,0.98567335243553,0.8051575931232091,0.6905444126074498,0.7560171919770774,PRIMARY_ZONE,Higher,Model-derived probable recharge/influence zone; field validation required,48.48437729857339,Moderate,Site-specific recharge assessment,Site-specific Assessment,,Low,66.92270440859902,Higher Priority
39,West Bengal,Darjeeling,Mane dhara,27.042086,88.396992,1258.51,6.65,,1271.0,12.490000000000007,1271.0,12.490000000000007,OK,22.48872756958008,67.009033203125,4049.5537109375,10,Tree cover,30.92222222222222,9.0,279.0,Phyllite,93,78A/8,VISUAL_REVIEW,ZONE_CREATED,406,0.3654,0.6982754124098381,0.6893669874759164,0.8463284211597444,1176.6995073891626,24.406745595739512,67.36247303650299,42.36945812807882,0.1970443349753694,0.9901477832512317,0.8990147783251231,0.8177339901477833,0.7438423645320197,0.7108374384236453,PRIMARY_ZONE,Higher,Model-derived probable recharge/influence zone; field validation required,77.76015746334751,High,Contour trench / infiltration treatment,Contour / Infiltration,,Low,80.20520188438311,Higher Priority
40,West Bengal,Darjeeling,Nipen Dhara,27.023654,88.327561,1502.4,5.9,,1685.0,182.5999999999999,1685.0,182.5999999999999,REVIEW,22.754535675048828,59.92253875732422,3029.22314453125,10,Tree cover,175.31845677400705,3.0,278.0,Schist,921,78A/8,VISUAL_REVIEW,ZONE_CREATED,1279,1.1511,0.7042298732695224,0.698404574079103,0.8205603480569885,1645.3432369038312,23.84083080112241,48.29112737057562,321.94214229867083,0.3964034401876466,0.9960906958561376,0.9765441751368256,0.8334636434714621,0.7787333854573886,0.7852619233776389,PRIMARY_ZONE,Higher,Model-derived probable recharge/influence zone; field validation required,55.77678736011736,Moderate,Site-specific recharge assessment,Site-specific Assessment,,Low,71.44625138138785,Higher Priority
41,West Bengal,Darjeeling,PokhardhuraDhara,27.044319,88.327332,1591.18,7.16,,1546.0,-45.180000000000064,1542.0,-49.180000000000064,OK,14.878345489501951,223.08436584472656,3029.22314453125,10,Tree cover,27.55190174240253,4.0,292.0,Gneiss,831,78A/8,VISUAL_REVIEW,ZONE_CREATED,1437,1.2933,0.7220307375608896,0.7117539349019932,0.8477440728418973,1426.6771050800278,17.936171226652203,38.19696981225827,77.41196938065414,0.2519137091162143,0.9944328462073764,0.9672929714683368,0.9916492693110648,0.8329853862212944,0.778740431454419,PRIMARY_ZONE,Higher,Model-derived probable recharge/influence zone; field validation required,59.5798266974506,Moderate,Site-specific recharge assessment,Site-specific Assessment,,Low,73.15212629235788,Higher Priority
42,West Bengal,Darjeeling,Primary Dhara,27.044765,88.325792,1454.2,7.05,,1519.0,64.79999999999995,1515.0,60.79999999999996,OK,11.239089012145996,235.27784729003903,3029.22314453125,10,Tree cover,30.92222222222222,1.0,272.0,Gneiss,831,78A/8,VISUAL_REVIEW,ZONE_CREATED,2266,2.0394,0.6691488126471257,0.6600648682854504,0.8336256665956118,1456.752427184466,17.274853615024035,44.916738631652144,78.6288614298323,0.3857016769638129,0.9766107678729038,0.8314210061782877,0.883053839364519,0.7784642541924095,0.7560900264783761,PRIMARY_ZONE,Higher,Model-derived probable recharge/influence zone; field validation required,49.70606742567944,Moderate,Site-specific recharge assessment,Site-specific Assessment,,Low,67.53573450719101,Higher Priority
43,West Bengal,Darjeeling,Elachi Spring,26.963563,88.413552,1237.3,6.8,,367.0,-870.3,372.0,-865.3,HIGH_PRIORITY_REVIEW,29.83490753173828,16.54596710205078,4049.5537109375,10,Tree cover,323.6954624742648,5.0,270.0,Schist,921,78B/5,VISUAL_REVIEW,ZONE_CREATED,2066,1.8594,0.692139157196814,0.6871142675008413,0.827105370713564,422.2008764956437,26.758954260876205,60.321291718994125,3945.833978702807,0.6761858664085189,0.9825750242013552,0.856727976766699,0.7962245885769603,0.7579864472410455,0.8191674733785093,PRIMARY_ZONE,Higher,Model-derived probable recharge/influence zone; field validation required,60.98458988651164,Moderate,Site-specific recharge assessment,Site-specific Assessment,,Low,75.06731914461109,Higher Priority
44,West Bengal,Darjeeling,Soen Spring,26.966009,88.415966,1421.4,6.5,,430.0,-991.4,425.0,-996.4,HIGH_PRIORITY_REVIEW,19.198081970214844,81.99188995361328,4049.5537109375,10,Tree cover,364.43742934497897,1.0,272.0,Schist,921,78B/5,VISUAL_REVIEW,SPRING_NOT_IN_TOP25_PERCENT,0,,,,,,,,,,,,,,,FIELD_VERIFICATION_REQUIRED,Unresolved,No zone assigned by current workflow; field verification required,59.33386591127656,Moderate,Field verification before intervention,Field Verification,Field verification required,High,23.833506421164884,Lower Priority
45,West Bengal,Darjeeling,Sim Dhara,26.938485,88.33525,1463.75,7.37,,1467.0,3.25,1469.0,5.25,OK,18.97951316833496,127.67552185058594,3029.22314453125,10,Tree cover,27.55190174240253,3.0,285.0,Schist,921,78B/5,VISUAL_REVIEW,ZONE_CREATED,2155,1.9395,0.7484666740572176,0.7388816664706483,0.8510479023033899,1455.199071925754,18.99632341937972,28.05311274705287,124.5322505800464,0.4668213457076566,1.0,0.9962877030162413,0.9986078886310904,0.8983758700696056,0.8505104408352668,PRIMARY_ZONE,Higher,Model-derived probable recharge/influence zone; field validation required,61.82688759682837,Moderate,Site-specific recharge assessment,Site-specific Assessment,,Low,76.42875702347219,Higher Priority
46,West Bengal,Darjeeling,Sim Dhara,26.973358,88.369882,1098.75,6.15,,1109.0,10.25,1109.0,10.25,OK,18.337203979492188,167.34878540039062,3029.22314453125,10,Tree cover,248.4964390171536,10.0,291.0,Schist,921,78B/5,VISUAL_REVIEW,ZONE_CREATED,1736,1.5624,0.7320828736307416,0.7164620568791471,0.9148075359552654,1051.836405529954,17.26224308955707,43.38677161997251,131.9233870967742,0.3110599078341013,0.993663594470046,0.9867511520737328,0.8202764976958525,0.868663594470046,0.7768721198156683,PRIMARY_ZONE,Higher,Model-derived probable recharge/influence zone; field validation required,56.92628171013594,Moderate,Site-specific recharge assessment,Site-specific Assessment,,Low,71.76930444953801,Higher Priority
47,West Bengal,Darjeeling,Kali Khola,26.909175,88.397799,1024.13,6.75,,1056.0,31.86999999999989,1068.0,43.86999999999989,OK,18.089948654174805,90.0,4049.5537109375,10,Tree cover,0.0,333.0,266.0,Schist,921,78B/5,VISUAL_REVIEW,ZONE_CREATED,764,0.6876,0.6884377821807645,0.6682301761794972,0.8787436260000321,893.9162306806282,22.66421664282107,44.703453986461504,154.0,0.1387434554973822,1.0,0.8416230366492147,0.8455497382198953,0.8049738219895288,0.7005890052356022,PRIMARY_ZONE,Higher,Model-derived probable recharge/influence zone; field validation required,86.71422379593089,High,Drainage-line recharge / small check structure,Drainage-line Recharge,,Low,84.3747820550335,Higher Priority
48,West Bengal,Darjeeling,Hemay Khola,26.94154,88.399132,1003.67,6.62,,1179.0,175.33000000000004,1180.0,176.33000000000004,REVIEW,15.214160919189451,290.8998413085937,4049.5537109375,10,Tree cover,350.2619810909184,14.0,268.0,Schist,921,78B/5,VISUAL_REVIEW,ZONE_CREATED,1944,1.7496,0.7104729293697751,0.6997570121234035,0.882066083039551,1119.8065843930042,17.35718207969892,54.05562392689631,69.66100823045268,0.4099794238683127,0.9897119341563786,0.9567901234567902,0.7541152263374485,0.7232510288065843,0.7628858024691357,PRIMARY_ZONE,Higher,Model-derived probable recharge/influence zone; field validation required,62.58679787021872,Moderate,Site-specific recharge assessment,Site-specific Assessment,,Low,74.17997300918341,Higher Priority
49,West Bengal,Darjeeling,Kali Khola,26.909175,88.397799,1024.13,6.75,,1056.0,31.86999999999989,1068.0,43.86999999999989,OK,18.089948654174805,90.0,4049.5537109375,10,Tree cover,0.0,333.0,266.0,Schist,921,78B/5,VISUAL_REVIEW,ZONE_CREATED,764,0.6876,0.6884377821807645,0.6682301761794972,0.8787436260000321,893.9162306806282,22.66421664282107,44.703453986461504,154.0,0.1387434554973822,1.0,0.8416230366492147,0.8455497382198953,0.8049738219895288,0.7005890052356022,PRIMARY_ZONE,Higher,Model-derived probable recharge/influence zone; field validation required,86.71422379593089,High,Drainage-line recharge / small check structure,Drainage-line Recharge,,Low,84.3747820550335,Higher Priority
50,West Bengal,Darjeeling,Baidang Jhora,26.933586,88.393702,1003.67,6.7,,1151.0,147.33000000000004,1151.0,147.33000000000004,REVIEW,22.355234146118164,218.15419006347656,4049.5537109375,10,Tree cover,144.05336191291235,22.0,253.0,Schist,921,78B/5,VISUAL_REVIEW,ZONE_CREATED,1924,1.7316,0.7243441633471293,0.7144350157633852,0.851827513749092,1114.4760914760914,20.79954836733785,40.0134140916865,79.3539501039501,0.4402286902286902,0.9984407484407484,0.9688149688149688,0.938149688149688,0.827962577962578,0.8183471933471934,PRIMARY_ZONE,Higher,Model-derived probable recharge/influence zone; field validation required,72.44002220260225,High,Contour trench / infiltration treatment,Contour / Infiltration,,Low,80.77042690171692,Higher Priority
51,West Bengal,Darjeeling,Thapa Dhara,26.927126,88.376209,1058.65,6.31,,1072.0,13.349999999999907,1071.0,12.349999999999907,OK,10.28891944885254,191.53338623046875,4049.5537109375,10,Tree cover,27.55190174240253,4.0,265.0,Schist,921,78B/5,VISUAL_REVIEW,ZONE_CREATED,2068,1.8612,0.7060278547280171,0.6973048411495149,0.850540788522967,1095.410058172147,16.378573697827697,38.807108073489545,208.6441005802708,0.5880077369439072,0.9975822050290136,0.8505802707930368,0.8684719535783365,0.8259187620889749,0.8206721470019342,PRIMARY_ZONE,Higher,Model-derived probable recharge/influence zone; field validation required,65.72932573378293,Moderate,Site-specific recharge assessment,Site-specific Assessment,,Low,77.4848272769495,Higher Priority
52,West Bengal,Darjeeling,Sajbotay Dhara,26.938771,88.336026,1428.13,6.28,,1452.0,23.86999999999989,1451.0,22.86999999999989,OK,11.003814697265623,131.7012481689453,3029.22314453125,10,Tree cover,0.0,275.0,282.0,Schist,921,78B/5,VISUAL_REVIEW,ZONE_CREATED,2193,1.9737,0.708828493977916,0.6979220840194609,0.8476741817649045,1420.9261285909713,16.922352665978465,30.27187154373065,115.96853625171,0.392156862745098,1.0,0.8914728682170543,0.997720018239854,0.764249886000912,0.7906292749658003,PRIMARY_ZONE,Higher,Model-derived probable recharge/influence zone; field validation required,69.32155836056046,Moderate,Drainage-line recharge / small check structure,Drainage-line Recharge,,Low,78.37965742925424,Higher Priority
53,West Bengal,Darjeeling,Panisar Dhara,26.927637,88.37475,1003.67,6.23,,1037.0,33.33000000000004,1037.0,33.33000000000004,OK,23.62991523742676,228.2987518310547,3029.22314453125,10,Tree cover,103.231298137963,6.0,257.0,Schist,921,78B/5,VISUAL_REVIEW,ZONE_CREATED,2044,1.8396,0.692985453799068,0.6812878817603644,0.8293632203634622,1077.0171232876712,21.07062411705984,43.21543877666579,103.32974559686888,0.6149706457925636,0.9995107632093934,0.9686888454011742,0.8953033268101761,0.8532289628180039,0.859637964774951,PRIMARY_ZONE,Higher,Model-derived probable recharge/influence zone; field validation required,55.75507579673904,Moderate,Site-specific recharge assessment,Site-specific Assessment,,Low,73.66667684161806,Higher Priority
54,West Bengal,Darjeeling,Namung Source,26.92088,88.397795,1226.4,6.7,,1265.0,38.59999999999991,1276.0,49.59999999999991,OK,29.003286361694336,58.33161163330078,4049.5537109375,10,Tree cover,27.55190174240253,9.0,265.0,Schist,921,78B/5,VISUAL_REVIEW,ZONE_CREATED,725,0.6525,0.7018536768059113,0.6909338642591554,0.8763553041908949,1151.175172413793,26.720626135960625,41.43428751285453,106.94068965517242,0.2275862068965517,1.0,0.92,0.713103448275862,0.8,0.7178620689655172,PRIMARY_ZONE,Higher,Model-derived probable recharge/influence zone; field validation required,72.81179337164748,High,Contour trench / infiltration treatment,Contour / Infiltration,,Low,77.94175875478926,Higher Priority
55,West Bengal,Darjeeling,Mandir Gairy Dhara,26.917494,88.346795,1634.59,6.64,,1654.0,19.41000000000008,1658.0,23.41000000000008,OK,30.50383758544922,351.1401062011719,3029.22314453125,10,Tree cover,247.18586705258764,6.0,277.0,Schist,921,78B/5,VISUAL_REVIEW,ZONE_CREATED,444,0.3996,0.6615206792366933,0.6530199737231046,0.8078125044995459,1536.8243243243244,28.511415318756185,98.62742616077917,72.18243243243244,0.1959459459459459,0.9211711711711712,0.9346846846846848,0.7094594594594594,0.7567567567567568,0.6861486486486486,PRIMARY_ZONE,Higher,Model-derived probable recharge/influence zone; field validation required,50.41824504030961,Moderate,Contour trench / staggered trench,Contour / Infiltration,Steep terrain,High,42.76582828674928,Moderate Priority
56,West Bengal,Darjeeling,Kalimati Dhara,26.854727,88.317258,1030.32,5.42,,1029.0,-1.3199999999999363,1029.0,-1.3199999999999363,OK,16.077980041503906,153.84814453125,3244.854736328125,10,Tree cover,226.34588157384368,1.0,245.0,Schist,921,78B/5,VISUAL_REVIEW,ZONE_CREATED,20,0.018,0.6114159063594283,0.6186584719597706,0.6730643279446911,1030.35,19.30582080316654,236.65478370263887,12.45,0.6,0.2,0.95,1.0,0.85,0.6675,PRIMARY_ZONE,Higher,Model-derived probable recharge/influence zone; field validation required,45.88351945223007,Moderate,Site-specific recharge assessment,Site-specific Assessment,,Low,62.96675972611503,Higher Priority
57,West Bengal,Darjeeling,Shiva Dhara,26.864728,88.360933,292.31,6.68,,313.0,20.69,311.0,18.69,OK,13.789494514465332,62.53667449951172,3244.854736328125,10,Tree cover,207.080365847628,2.0,239.0,Schist,921,78B/5,VISUAL_REVIEW,ZONE_CREATED,2511,2.2599,0.6784501963157276,0.6629640805245125,0.889220116158226,373.76066758661887,13.758331946826509,36.23567710432864,3280.1031461569096,0.9299084030266828,0.9996017522899244,0.9107925129430504,0.8474711270410196,0.7917164476304261,0.9104141776184788,PRIMARY_ZONE,Higher,Model-derived probable recharge/influence zone; field validation required,45.330010704635946,Moderate,Site-specific recharge assessment,Site-specific Assessment,,Low,69.97743068087235,Higher Priority
58,West Bengal,Darjeeling,14 Mile Jhora,26.841244,88.351823,534.82,6.02,,560.0,25.17999999999995,560.0,25.17999999999995,OK,15.456222534179688,259.8958740234375,3244.854736328125,10,Tree cover,330.6228209088304,5.0,234.0,Schist,921,78B/5,VISUAL_REVIEW,ZONE_CREATED,1839,1.6551,0.6512091920716908,0.640293024605405,0.7982924716471029,498.6438301468189,15.715120714915097,73.95093587917243,165.29907558455682,0.1522566612289287,0.9477977161500816,0.952147906470908,0.564437194127243,0.7797716150081566,0.6670744970092441,PRIMARY_ZONE,Higher,Model-derived probable recharge/influence zone; field validation required,44.07590873145193,Moderate,Site-specific recharge assessment,Site-specific Assessment,,Low,62.050189276003294,Higher Priority
59,West Bengal,Darjeeling,Bar Pipal Dhara,26.841244,88.351823,534.82,6.75,,560.0,25.17999999999995,560.0,25.17999999999995,OK,15.456222534179688,259.8958740234375,3244.854736328125,10,Tree cover,330.6228209088304,5.0,234.0,Schist,921,78B/5,VISUAL_REVIEW,ZONE_CREATED,1839,1.6551,0.6512091920716908,0.640293024605405,0.7982924716471029,498.6438301468189,15.715120714915097,73.95093587917243,165.29907558455682,0.1522566612289287,0.9477977161500816,0.952147906470908,0.564437194127243,0.7797716150081566,0.6670744970092441,PRIMARY_ZONE,Higher,Model-derived probable recharge/influence zone; field validation required,44.07590873145193,Moderate,Site-specific recharge assessment,Site-specific Assessment,,Low,62.050189276003294,Higher Priority
60,West Bengal,Darjeeling,Hotel Gairy Dhara,26.851695,88.331659,859.65,6.72,,878.0,18.350000000000023,881.0,21.350000000000023,OK,30.125377655029297,38.717811584472656,3244.854736328125,10,Tree cover,226.34588157384368,15.0,261.0,Schist,921,78B/5,VISUAL_REVIEW,ZONE_CREATED,381,0.3429,0.6417288304797614,0.6341266901110725,0.7482456695176045,809.8136482939633,28.59326757862073,102.54444454840151,16.73228346456693,0.1548556430446194,0.910761154855643,0.968503937007874,0.6509186351706037,0.7454068241469817,0.6695538057742781,PRIMARY_ZONE,Higher,Model-derived probable recharge/influence zone; field validation required,53.83142429495565,Moderate,Contour trench / staggered trench,Contour / Infiltration,Steep terrain,High,43.551512108459015,Moderate Priority
61,West Bengal,Darjeeling,School Dhara,26.870334,88.361372,324.43,6.01,,327.0,2.569999999999993,332.0,7.569999999999993,OK,10.504241943359377,330.7004699707031,3244.854736328125,10,Tree cover,166.08231900181167,25.0,243.0,Schist,921,78B/5,VISUAL_REVIEW,ZONE_CREATED,2518,2.2662,0.6800043966576418,0.6618458311994756,0.8969341167162481,382.18905552819695,12.37650377562878,41.04522588931464,3055.6366163621924,0.8566322478157268,0.9972200158856236,0.9062748212867356,0.8943606036536934,0.7704527402700556,0.8944400317712471,PRIMARY_ZONE,Higher,Model-derived probable recharge/influence zone; field validation required,51.122618452739886,Moderate,Site-specific recharge assessment,Site-specific Assessment,,Low,72.39451017950735,Higher Priority
62,West Bengal,Darjeeling,Jor Dhara,26.841557,88.284749,710.0,7.17,,742.0,32.0,744.0,34.0,OK,31.14256858825684,320.8985900878906,3244.854736328125,10,Tree cover,483.8584951736264,5.0,253.0,Schist,921,78B/5,VISUAL_REVIEW,ZONE_CREATED,1734,1.5606,0.5940783204583013,0.5880123763390444,0.7952115654599186,659.9878928719723,27.914330090604164,117.59605173013829,777.6216839677047,0.2422145328719723,0.7641291810841984,0.8540945790080738,0.2687427912341407,0.7998846597462514,0.5826989619377163,PRIMARY_ZONE,Higher,Model-derived probable recharge/influence zone; field validation required,39.30968778517615,Low,Contour trench / staggered trench,Contour / Infiltration,Steep terrain; Low suitability,High,37.13827828796772,Lower Priority
63,West Bengal,Darjeeling,Sarkarey Dhara,26.843612,88.287963,811.63,6.01,,770.0,-41.63,769.0,-42.63,OK,24.416967391967773,87.95882415771484,3244.854736328125,10,Tree cover,264.7514776236532,5.0,241.0,Schist,921,78B/5,VISUAL_REVIEW,ZONE_CREATED,1129,1.0161,0.6134227242490254,0.6049639477794877,0.7714500224163721,709.1080606023029,22.051555088293764,98.69868361397,274.4136403897254,0.2435783879539415,0.8184233835252436,0.8529672276350753,0.3232949512843224,0.6944198405668733,0.5887511071744906,PRIMARY_ZONE,Higher,Model-derived probable recharge/influence zone; field validation required,49.99874111357848,Moderate,Site-specific recharge assessment,Site-specific Assessment,,Low,62.66190377202396,Higher Priority
64,West Bengal,Darjeeling,Thulo Khola Source,26.941396,88.290763,1830.42,6.7,,1847.0,16.579999999999927,1855.0,24.579999999999927,OK,12.285534858703612,270.0,3029.22314453125,10,Tree cover,0.0,207.0,296.0,Schist,921,78B/5,VISUAL_REVIEW,ZONE_CREATED,1493,1.3437,0.693196810198877,0.6761239376266079,0.8753286417000519,1845.649699223041,15.67589606570569,39.91174570231022,410.6416610850636,0.5170797052913597,1.0,0.9310113864701942,0.8231748158070998,0.7782987273945077,0.8056932350971199,PRIMARY_ZONE,Higher,Model-derived probable recharge/influence zone; field validation required,70.68634297078603,High,Drainage-line recharge / small check structure,Drainage-line Recharge,,Low,79.51396853830661,Higher Priority
65,West Bengal,Darjeeling,Thulo Khola Source,26.941396,88.290763,1830.42,6.7,,1847.0,16.579999999999927,1855.0,24.579999999999927,OK,12.285534858703612,270.0,3029.22314453125,10,Tree cover,0.0,207.0,296.0,Schist,921,78B/5,VISUAL_REVIEW,ZONE_CREATED,1493,1.3437,0.693196810198877,0.6761239376266079,0.8753286417000519,1845.649699223041,15.67589606570569,39.91174570231022,410.6416610850636,0.5170797052913597,1.0,0.9310113864701942,0.8231748158070998,0.7782987273945077,0.8056932350971199,PRIMARY_ZONE,Higher,Model-derived probable recharge/influence zone; field validation required,70.68634297078603,High,Drainage-line recharge / small check structure,Drainage-line Recharge,,Low,79.51396853830661,Higher Priority
66,West Bengal,Darjeeling,Ramitey Dhara,26.917645,88.291143,1674.89,6.39,,1680.0,5.1099999999999,1685.0,10.1099999999999,OK,23.58287048339844,236.2469787597656,3029.22314453125,10,Tree cover,214.0138117878648,7.0,282.0,Schist,921,78B/5,VISUAL_REVIEW,ZONE_CREATED,1438,1.2942,0.697048920457389,0.6877224920300212,0.8216801530049829,1700.5020862308763,21.768833667569,59.449549928820936,130.89568845618916,0.5605006954102921,0.9895688456189152,0.9631432545201668,0.8115438108484005,0.7816411682892906,0.8191237830319889,PRIMARY_ZONE,Higher,Model-derived probable recharge/influence zone; field validation required,57.47038864954273,Moderate,Site-specific recharge assessment,Site-specific Assessment,,Low,73.30890781573103,Higher Priority
67,West Bengal,Darjeeling,Gokul Jhora Source,26.938527,88.292486,1851.35,6.58,,1874.0,22.65000000000009,1876.0,24.65000000000009,OK,21.12371253967285,318.8816223144531,3029.22314453125,10,Tree cover,340.14444444444445,13.0,283.0,Schist,921,78B/5,VISUAL_REVIEW,ZONE_CREATED,696,0.6264,0.7058071690010022,0.6893601108168257,0.8537440593580774,1844.875,18.661604307245508,42.325861629158965,125.54166666666669,0.4152298850574712,0.9985632183908046,0.9798850574712644,0.9640804597701148,0.6925287356321839,0.7979166666666667,PRIMARY_ZONE,Higher,Model-derived probable recharge/influence zone; field validation required,54.99123274066099,Moderate,Site-specific recharge assessment,Site-specific Assessment,,Low,71.4331163703305,Higher Priority
68,West Bengal,Darjeeling,Gokul Jhora Source,26.938527,88.292486,1851.35,6.58,,1874.0,22.65000000000009,1876.0,24.65000000000009,OK,21.12371253967285,318.8816223144531,3029.22314453125,10,Tree cover,340.14444444444445,13.0,283.0,Schist,921,78B/5,VISUAL_REVIEW,ZONE_CREATED,696,0.6264,0.7058071690010022,0.6893601108168257,0.8537440593580774,1844.875,18.661604307245508,42.325861629158965,125.54166666666669,0.4152298850574712,0.9985632183908046,0.9798850574712644,0.9640804597701148,0.6925287356321839,0.7979166666666667,PRIMARY_ZONE,Higher,Model-derived probable recharge/influence zone; field validation required,54.99123274066099,Moderate,Site-specific recharge assessment,Site-specific Assessment,,Low,71.4331163703305,Higher Priority
69,West Bengal,Darjeeling,Mathilo Khola,26.85119,88.323941,940.13,6.72,,1057.0,116.87,1057.0,116.87,REVIEW,34.44968795776367,148.0558624267578,3244.854736328125,10,Tree cover,283.7028712552836,3.0,242.0,Schist,921,78B/5,VISUAL_REVIEW,ZONE_CREATED,1625,1.4625,0.5998918160612003,0.5937747782730913,0.7243587626927339,938.0209231507692,30.027337616940056,110.57561678192432,81.62892307692307,0.1464615384615384,0.8326153846153846,0.8363076923076923,0.3950769230769231,0.676923076923077,0.5728307692307693,PRIMARY_ZONE,Higher,Model-derived probable recharge/influence zone; field validation required,40.75447783264244,Moderate,Contour trench / staggered trench,Contour / Infiltration,Steep terrain,High,37.4154052956088,Lower Priority
70,West Bengal,Darjeeling,Ramitey Dhara II,26.917243,88.290278,1651.88,6.2,,1680.0,28.11999999999989,1673.0,21.11999999999989,OK,27.834741592407227,232.2318878173828,3029.22314453125,10,Tree cover,151.0046937986269,4.0,282.0,Schist,921,78B/5,VISUAL_REVIEW,ZONE_CREATED,1466,1.3194,0.6708770754963157,0.6634067668193412,0.8159156841280177,1682.2476125511596,23.646799556612404,65.33404032219251,146.66780354706685,0.4679399727148704,0.9631650750341064,0.8922237380627558,0.6541609822646658,0.7503410641200545,0.7468963165075034,PRIMARY_ZONE,Higher,Model-derived probable recharge/influence zone; field validation required,56.32665398394493,Moderate,Site-specific recharge assessment,Site-specific Assessment,,Low,70.57021648719757,Higher Priority
71,West Bengal,Darjeeling,Kharey Khola Source,26.898523,88.285842,1542.05,6.76,,1554.0,11.950000000000044,1567.0,24.950000000000045,OK,27.8466796875,211.0162353515625,3029.22314453125,10,Tree cover,27.55190174240253,16.0,274.0,Schist,921,78B/5,VISUAL_REVIEW,ZONE_CREATED,616,0.5544,0.6711465296772097,0.6563039132356742,0.8376832842655231,1444.0016233766237,27.295249540650023,40.44385636525551,135.5616883116883,0.2938311688311688,1.0,0.961038961038961,0.7077922077922078,0.8246753246753247,0.7455357142857142,PRIMARY_ZONE,Higher,Model-derived probable recharge/influence zone; field validation required,62.5554771178806,Moderate,Site-specific recharge assessment,Site-specific Assessment,,Low,73.64380998751172,Higher Priority
72,West Bengal,Darjeeling,Chilauney Dhara,26.84321,88.266805,842.19,6.83,,822.0,-20.19000000000005,821.0,-21.19000000000005,OK,32.652774810791016,141.46304321289062,3244.854736328125,10,Tree cover,123.68888888888888,4.0,250.0,Schist,921,78B/5,VISUAL_REVIEW,ZONE_CREATED,638,0.5742,0.6221644882029471,0.6174859724788183,0.7517725718267456,811.5532926332288,27.91565543666397,85.7005697875856,188.6943573667712,0.4984326018808777,0.9482758620689656,0.786833855799373,0.6159874608150471,0.7523510971786834,0.7242946708463951,PRIMARY_ZONE,Higher,Model-derived probable recharge/influence zone; field validation required,49.61855755719722,Moderate,Contour trench / staggered trench,Contour / Infiltration,Steep terrain,High,43.2497772875938,Moderate Priority
73,West Bengal,Darjeeling,Ek Dharey,26.870175,88.26636,1349.95,6.03,,1370.0,20.049999999999955,1370.0,20.049999999999955,OK,28.48394203186035,17.518522262573242,3244.854736328125,10,Tree cover,396.72494654426913,3.0,250.0,Schist,921,78B/5,VISUAL_REVIEW,ZONE_CREATED,1071,0.9639,0.6110847569417002,0.6041244128291625,0.7510443434646479,1247.4668534640523,26.61649318299725,102.9915534863533,168.84313725490196,0.226890756302521,0.8132586367880486,0.938375350140056,0.3062558356676004,0.7563025210084033,0.6070961718020542,PRIMARY_ZONE,Higher,Model-derived probable recharge/influence zone; field validation required,42.6140706431018,Moderate,Site-specific recharge assessment,Site-specific Assessment,,Low,59.51992047561252,Moderate Priority
74,West Bengal,Darjeeling,Ghangeri Dhara,26.865667,88.252752,1235.0,6.4,,1221.0,-14.0,1220.0,-15.0,OK,31.24423789978028,260.7979736328125,3244.854736328125,10,Tree cover,309.3165326215613,2.0,260.0,Schist,921,78B/5,VISUAL_REVIEW,ZONE_CREATED,1183,1.0647,0.614946973905896,0.609622863582401,0.7416080087917056,1105.2037193575654,27.27031596129209,101.07056703567856,26.338123415046493,0.1741335587489433,0.8579881656804734,0.9070160608622148,0.2628909551986475,0.7776838546069316,0.595519864750634,PRIMARY_ZONE,Higher,Model-derived probable recharge/influence zone; field validation required,44.35541986068381,Moderate,Contour trench / staggered trench,Contour / Infiltration,Steep terrain,High,39.0281488173596,Lower Priority
75,West Bengal,Darjeeling,Saatkanya Dhara,26.869923,88.267063,1376.64,5.82,,1344.0,-32.6400000000001,1344.0,-32.6400000000001,OK,35.37360000610352,20.96849822998047,3244.854736328125,10,Tree cover,336.3572282772506,6.0,250.0,Schist,921,78B/5,VISUAL_REVIEW,ZONE_CREATED,1989,1.7901,0.6068201475262817,0.6014672480397099,0.7699414957197868,1245.5123177777778,28.998270112830888,106.04130461617194,91.07340372046257,0.2126696832579185,0.8315736551030669,0.759175465057818,0.4891905480140774,0.779788838612368,0.6032428355957768,PRIMARY_ZONE,Higher,Model-derived probable recharge/influence zone; field validation required,40.57002773696323,Moderate,Contour trench / staggered trench,Contour / Infiltration,Steep terrain,High,37.9484943086307,Lower Priority
76,West Bengal,Darjeeling,Simana Dhara,26.868927,88.256618,1238.67,5.77,,1209.0,-29.67000000000008,1210.0,-28.67000000000008,OK,25.335880279541016,207.38400268554688,3244.854736328125,10,Tree cover,189.5613802198976,3.0,266.0,Schist,921,78B/5,VISUAL_REVIEW,ZONE_CREATED,1462,1.3158,0.6891732846398365,0.6814473539353819,0.8538389394701584,1160.106703146375,23.84551083230065,75.016716666528,36.85841313269494,0.359781121751026,0.9528043775649796,0.963064295485636,0.7626538987688098,0.7982216142270862,0.754890560875513,PRIMARY_ZONE,Higher,Model-derived probable recharge/influence zone; field validation required,54.76548576045953,Moderate,Site-specific recharge assessment,Site-specific Assessment,,Low,70.02945970649515,Higher Priority
77,West Bengal,Darjeeling,Whistle Khola Source,26.891003,88.282185,1510.33,6.79,,1560.0,49.67000000000007,1574.0,63.67000000000007,OK,23.11885452270508,229.919189453125,3029.22314453125,10,Tree cover,0.0,709.0,269.0,Schist,921,78B/5,VISUAL_REVIEW,SPRING_NOT_IN_TOP25_PERCENT,0,,,,,,,,,,,,,,,FIELD_VERIFICATION_REQUIRED,Unresolved,No zone assigned by current workflow; field verification required,76.10211422587697,High,Field verification before intervention,Field Verification,Field verification required,High,29.283187123410016,Lower Priority
78,West Bengal,Darjeeling,BansghariDhara,26.946829,88.406467,931.95,6.85,,927.0,-4.9500000000000455,927.0,-4.9500000000000455,OK,37.35920715332031,185.4561767578125,4049.5537109375,10,Tree cover,166.08231900181167,5.0,258.0,Schist,921,78B/5,VISUAL_REVIEW,ZONE_CREATED,1712,1.5408,0.6573417688504318,0.6509530026126958,0.8064397165452561,926.4316588785048,31.84941972157974,102.87944208954572,32.481308411214954,0.5040887850467289,0.8703271028037384,0.8054906542056075,0.6723130841121495,0.7651869158878505,0.7203271028037385,PRIMARY_ZONE,Higher,Model-derived probable recharge/influence zone; field validation required,58.16560902069302,Moderate,Contour trench / staggered trench,Contour / Infiltration,Steep terrain,High,45.95020143639813,Moderate Priority
79,West Bengal,Darjeeling,Bulbuley Dhara,26.883477,88.274328,1420.1,6.34,,1385.0,-35.09999999999991,1386.0,-34.09999999999991,OK,23.905920028686523,239.2895050048828,3029.22314453125,10,Tree cover,123.68888888888888,2.0,249.0,Schist,921,78B/5,VISUAL_REVIEW,ZONE_CREATED,1607,1.4463,0.690315561792588,0.6765313502281585,0.8234337124882929,1352.0821406347231,20.95922360593546,38.67168087821172,135.65961418792782,0.4038581207218419,1.0,0.940883634100809,0.9141257000622276,0.8263845675171126,0.8002177971375234,PRIMARY_ZONE,Higher,Model-derived probable recharge/influence zone; field validation required,50.433565431651175,Moderate,Site-specific recharge assessment,Site-specific Assessment,,Low,69.2233166299513,Higher Priority
80,West Bengal,Darjeeling,Charcharey Dhara,26.975459,88.381527,989.75,6.75,,1017.0,27.25,1017.0,27.25,OK,28.83539581298828,107.07923889160156,4049.5537109375,10,Tree cover,391.2131733245381,27.0,261.0,Schist,921,78B/5,VISUAL_REVIEW,SPRING_NOT_IN_TOP25_PERCENT,1271,1.1439,0.7041,0.7041,0.7041,,,130.3506,,,,,,,,LOWER_CONFIDENCE_ZONE,Lower,Lower-confidence model-derived influence zone; field validation strongly recommended,62.51642451251998,Moderate,Site-specific recharge assessment,Site-specific Assessment,Lower-confidence zone,Moderate,37.619480417821,Lower Priority
81,West Bengal,Darjeeling,DevithanDhara,26.951341,88.318112,1703.51,6.54,,1696.0,-7.509999999999991,1693.0,-10.509999999999993,OK,11.608909606933594,76.34175872802734,3029.22314453125,10,Tree cover,61.84444444444444,1.0,281.0,Schist,921,78B/5,VISUAL_REVIEW,ZONE_CREATED,2315,2.0835,0.6861313150293554,0.6723500203433008,0.9002191516072855,1638.4410367429805,19.062711074317143,26.425372585370848,231.08423326133908,0.3805615550755939,1.0,0.7140388768898488,0.8107991360691145,0.8103671706263499,0.7311231101511879,PRIMARY_ZONE,Higher,Model-derived probable recharge/influence zone; field validation required,51.7686997697991,Moderate,Site-specific recharge assessment,Site-specific Assessment,,Low,67.81804318943519,Higher Priority
82,West Bengal,Darjeeling,Dhobi Khola Dhara,26.82627,88.263542,1114.19,6.67,,398.0,-716.19,398.0,-716.19,HIGH_PRIORITY_REVIEW,5.553112030029297,48.29875183105469,3244.854736328125,10,Tree cover,27.55190174240253,5.0,252.0,Schist,921,78B/5,VISUAL_REVIEW,ZONE_CREATED,2145,1.9305,0.7172707446043224,0.6944074724292522,0.8833202439207086,374.5473267972028,5.35034949045522,40.022263961310735,155.78787878787878,0.2899766899766899,1.0,0.97995337995338,1.0,0.7333333333333333,0.7784848484848486,PRIMARY_ZONE,Higher,Model-derived probable recharge/influence zone; field validation required,49.00555112626623,Moderate,Site-specific recharge assessment,Site-specific Assessment,,Low,67.85732101767857,Higher Priority
83,West Bengal,Darjeeling,Gokul Dhara,26.940846,88.342848,1230.14,6.53,,1249.0,18.8599999999999,1249.0,18.8599999999999,OK,21.0175838470459,157.7987060546875,3029.22314453125,10,Tree cover,124.24821950857675,1.0,255.0,Schist,921,78B/5,VISUAL_REVIEW,ZONE_CREATED,2114,1.9026,0.7035535869135393,0.6921245772710047,0.837727875377621,1300.9446546830652,20.00644687328303,24.137833763579213,164.33585619678334,0.6158940397350994,1.0,0.9924314096499528,0.9858088930936612,0.8358561967833491,0.8757095553453169,PRIMARY_ZONE,Higher,Model-derived probable recharge/influence zone; field validation required,50.700279986587525,Moderate,Site-specific recharge assessment,Site-specific Assessment,,Low,71.62142665365327,Higher Priority
84,West Bengal,Darjeeling,JungpanaThuloKhola,26.904922,88.317615,1407.46,6.82,,1426.0,18.539999999999964,1426.0,18.539999999999964,OK,23.603221893310547,2.380280017852783,3029.22314453125,10,Tree cover,63.18712673996586,8.0,276.0,Schist,921,78B/5,VISUAL_REVIEW,ZONE_CREATED,1206,1.0854,0.6905158742791627,0.680494308343801,0.8201068193446659,1487.226368159204,23.604342595877995,57.00565702049728,62.824212271973465,0.6434494195688225,0.9693200663349916,0.9933665008291874,0.7014925373134329,0.7927031509121062,0.8259950248756219,PRIMARY_ZONE,Higher,Model-derived probable recharge/influence zone; field validation required,61.55435942469932,Moderate,Site-specific recharge assessment,Site-specific Assessment,,Low,75.55703045861833,Higher Priority
85,West Bengal,Darjeeling,Rolak Khola Source,26.944928,88.410554,822.89,6.76,,836.0,13.110000000000014,847.0,24.110000000000014,OK,27.983922958374023,136.91563415527344,4049.5537109375,10,Tree cover,0.0,286.0,260.0,Schist,921,78B/5,VISUAL_REVIEW,ZONE_CREATED,1473,1.3257,0.7055505425612499,0.6955601108475382,0.8678406349574463,734.7807198234894,26.52349425386957,44.85781543252028,105.66191446028512,0.2525458248472505,0.9993211133740664,0.9226069246435844,0.7644263408010862,0.8268839103869654,0.7361846571622539,PRIMARY_ZONE,Higher,Model-derived probable recharge/influence zone; field validation required,84.47929345495912,High,Drainage-line recharge / small check structure,Drainage-line Recharge,,Low,84.32518644234716,Higher Priority
86,West Bengal,Darjeeling,Sim Gairy,26.939639,88.344163,1246.11,6.44,,1255.0,8.8900000000001,1255.0,8.8900000000001,OK,22.91492462158203,136.61622619628906,3029.22314453125,10,Tree cover,103.231298137963,11.0,255.0,Schist,921,78B/5,VISUAL_REVIEW,ZONE_CREATED,2210,1.989,0.697753265070467,0.6861193597447326,0.8364428496687197,1283.1488687782803,20.89124117309513,28.63321284767031,154.70678733031673,0.5570135746606335,1.0,0.9778280542986424,0.9678733031674208,0.8131221719457014,0.8519683257918552,PRIMARY_ZONE,Higher,Model-derived probable recharge/influence zone; field validation required,57.24752887905491,Moderate,Site-specific recharge assessment,Site-specific Assessment,,Low,74.1828142132831,Higher Priority
87,West Bengal,Darjeeling,BholayDhara,26.903722,88.2889,1636.78,7.17,,1627.0,-9.779999999999973,1627.0,-9.779999999999973,OK,38.00187683105469,166.56968688964844,3029.22314453125,10,Tree cover,218.20200462068905,9.0,279.0,Schist,921,78B/5,VISUAL_REVIEW,ZONE_CREATED,1143,1.0287,0.6447435916815161,0.6377926107724354,0.8035615885971372,1583.7769028871392,31.48221312874139,64.80492600450957,166.81452318460194,0.4321959755030621,0.9623797025371827,0.7804024496937882,0.6754155730533683,0.7454068241469817,0.7178477690288714,PRIMARY_ZONE,Higher,Model-derived probable recharge/influence zone; field validation required,46.93041617697739,Moderate,Contour trench / staggered trench,Contour / Infiltration,Steep terrain,High,42.25041675358065,Moderate Priority
88,West Bengal,Darjeeling,Dara GaonDhara,26.875879,88.300027,1345.45,6.3,,1350.0,4.5499999999999545,1348.0,2.5499999999999545,OK,29.403053283691406,104.96539306640624,3029.22314453125,10,Tree cover,92.76666666666668,1.0,270.0,Schist,921,78B/5,VISUAL_REVIEW,ZONE_CREATED,1298,1.1682,0.6892375199395717,0.6790028235979236,0.8442227712734507,1356.073189522342,27.8026781941374,46.35252871539795,72.21032357473035,0.5069337442218799,1.0,0.9576271186440678,0.7380585516178737,0.8043143297380585,0.7996147919876733,PRIMARY_ZONE,Higher,Model-derived probable recharge/influence zone; field validation required,51.24442293315058,Moderate,Site-specific recharge assessment,Site-specific Assessment,,Low,69.61065522620548,Higher Priority
89,West Bengal,Darjeeling,Gaurishanker Mandir Dhara,26.870245,88.282619,1290.19,6.64,,1310.0,19.809999999999945,1314.0,23.809999999999945,OK,21.205087661743164,297.2867736816406,3244.854736328125,10,Tree cover,0.0,219.0,264.0,Schist,921,78B/5,VISUAL_REVIEW,ZONE_CREATED,791,0.7119,0.6943282084579224,0.6809369596851047,0.8824164038860465,1345.161820556258,22.55481580743719,47.13281626863575,200.59544879898863,0.6055625790139064,1.0,0.9532237673830596,0.7774968394437421,0.7484197218710493,0.8209228824273073,PRIMARY_ZONE,Higher,Model-derived probable recharge/influence zone; field validation required,74.29896336851812,High,Drainage-line recharge / small check structure,Drainage-line Recharge,,Low,81.77716815707828,Higher Priority
90,West Bengal,Darjeeling,Giday Source,26.874255,88.301755,1277.0,6.93,,1287.0,10.0,1289.0,12.0,OK,33.229244232177734,85.75354766845703,3244.854736328125,10,Tree cover,164.1372134450453,29.0,278.0,Schist,921,78B/5,VISUAL_REVIEW,ZONE_CREATED,449,0.4041,0.7055426459341296,0.6962780506723985,0.8336712660343932,1289.6481070824054,30.940838664589144,61.5056506855081,74.56570155902004,0.5367483296213809,0.9910913140311804,0.930957683741648,0.6792873051224945,0.7282850779510023,0.7792873051224944,PRIMARY_ZONE,Higher,Model-derived probable recharge/influence zone; field validation required,59.08649203405994,Moderate,Contour trench / staggered trench,Contour / Infiltration,Steep terrain,High,47.39921236095812,Moderate Priority
91,West Bengal,Darjeeling,Lampatey Gairy,26.865241,88.356015,358.35,6.15,,340.0,-18.350000000000023,340.0,-18.350000000000023,OK,19.582061767578125,0.0,3244.854736328125,10,Tree cover,229.1183066149344,15.0,241.0,Schist,921,78B/5,VISUAL_REVIEW,ZONE_CREATED,2471,2.2239,0.6790023148040334,0.6674922030551218,0.8909130405271062,382.8806255969243,16.948629881931932,40.670476249659245,3432.613112100364,0.8097936058276002,1.0,0.849048968029138,0.9081343585592876,0.8182921893970052,0.8812221772561716,PRIMARY_ZONE,Higher,Model-derived probable recharge/influence zone; field validation required,54.08923026610395,Moderate,Site-specific recharge assessment,Site-specific Assessment,,Low,73.48128045073712,Higher Priority
92,West Bengal,Darjeeling,Mansi Dhara,26.877208,88.271697,1389.48,5.9,,1371.0,-18.48000000000001,1372.0,-17.480000000000018,OK,13.409246444702148,245.98687744140625,3029.22314453125,50,Built-up,63.18712673996586,18.0,252.0,Schist,921,78B/5,VISUAL_REVIEW,ZONE_CREATED,1898,1.7082,0.6450006760774556,0.6325867851435948,0.788637878045348,1384.2233930453108,16.471758311066374,52.8663232659753,54.9699683877766,0.5142255005268704,0.9926238145416229,0.9457323498419388,0.9841938883034772,0.7523709167544784,0.8263435194942044,PRIMARY_ZONE,Higher,Model-derived probable recharge/influence zone; field validation required,47.56081275773547,Moderate,Site-specific recharge assessment,Site-specific Assessment,,Low,68.57071196369387,Higher Priority
93,West Bengal,Darjeeling,PaniTanki Source,26.878624,88.299277,1342.92,6.93,,1348.0,5.079999999999927,1356.0,13.079999999999927,OK,17.153968811035156,61.87086486816406,3029.22314453125,10,Tree cover,0.0,431.0,270.0,Schist,921,78B/5,VISUAL_REVIEW,ZONE_CREATED,1213,1.0917,0.6375225295830171,0.6210482067551599,0.8482792364582636,1335.7691679472382,24.90439976605557,36.33335225991733,202.62159934047816,0.4756801319043693,1.0,0.6364385820280297,0.551525144270404,0.8186314921681781,0.7017312448474856,PRIMARY_ZONE,Higher,Model-derived probable recharge/influence zone; field validation required,72.87650907819881,High,Drainage-line recharge / small check structure,Drainage-line Recharge,,Low,77.49019188452397,Higher Priority
94,West Bengal,Darjeeling,Patley Khola Dhara,26.947705,88.322064,1541.41,6.7,,1599.0,57.58999999999992,1602.0,60.58999999999992,OK,39.9390983581543,85.56964111328125,3029.22314453125,10,Tree cover,67.70408110494506,4.0,288.0,Schist,921,78B/5,VISUAL_REVIEW,ZONE_CREATED,868,0.7812,0.6535741172984729,0.6439820373667823,0.8637794243171808,1698.516129032258,26.245448789509133,32.53375556760107,318.79953917050693,0.7050691244239631,1.0,0.380184331797235,0.976958525345622,0.826036866359447,0.7727534562211981,PRIMARY_ZONE,Higher,Model-derived probable recharge/influence zone; field validation required,50.27356463275653,Moderate,Contour trench / staggered trench,Contour / Infiltration,Steep terrain,High,44.40760090195924,Moderate Priority
95,West Bengal,Darjeeling,Pradhan Dhara,26.87576,88.271934,1381.0,5.83,,1389.0,8.0,1393.0,12.0,OK,14.100932121276855,205.6874084472656,3029.22314453125,10,Tree cover,148.76460211076738,26.0,255.0,Schist,921,78B/5,VISUAL_REVIEW,ZONE_CREATED,2174,1.9566,0.6836882939858893,0.6717591133565036,0.8188784593480571,1413.0699172309107,16.650713676668577,54.35376307419824,97.48620055197792,0.5091996320147194,0.9820607175712972,0.9461821527138914,0.8794848206071757,0.7465501379944802,0.8059567617295308,PRIMARY_ZONE,Higher,Model-derived probable recharge/influence zone; field validation required,53.78641032520199,Moderate,Site-specific recharge assessment,Site-specific Assessment,,Low,71.07190801448692,Higher Priority
96,West Bengal,Darjeeling,ShivaDhara,26.90002,88.2879,1588.44,6.95,,1702.0,113.55999999999996,1702.0,113.55999999999996,REVIEW,35.97931289672852,282.8691101074219,3029.22314453125,10,Tree cover,185.53333333333333,1.0,274.0,Schist,921,78B/5,VISUAL_REVIEW,SPRING_NOT_IN_TOP25_PERCENT,1998,1.7982,0.6767,0.6767,0.6767,,,82.6287,,,,,,,,LOWER_CONFIDENCE_ZONE,Lower,Lower-confidence model-derived influence zone; field validation strongly recommended,43.11034928368856,Moderate,Contour trench / staggered trench,Contour / Infiltration,Steep terrain; Lower-confidence zone,High,22.46086351719878,Lower Priority
97,West Bengal,Darjeeling,Simsaar Dhara,26.909022,88.2915,1735.29,6.92,,1704.0,-31.289999999999964,1704.0,-31.289999999999964,OK,28.716915130615234,325.72900390625,3029.22314453125,10,Tree cover,154.61111111111111,3.0,274.0,Schist,921,78B/5,VISUAL_REVIEW,ZONE_CREATED,788,0.7092,0.6726772357539815,0.6636515728321535,0.8136026338510596,1723.194162436548,25.308288780156715,41.56017769381153,110.08629441624366,0.6040609137055838,1.0,0.8439086294416244,0.7817258883248731,0.7817258883248731,0.8043147208121826,PRIMARY_ZONE,Higher,Model-derived probable recharge/influence zone; field validation required,52.739410877516704,Moderate,Site-specific recharge assessment,Site-specific Assessment,,Low,70.49914706312383,Higher Priority
98,West Bengal,Darjeeling,Shiva Mandir Dhara,26.842984,88.358953,547.82,5.73,,564.0,16.17999999999995,571.0,23.17999999999995,OK,17.021469116210938,251.52410888671875,3244.854736328125,10,Tree cover,202.5363979638454,58.0,238.0,Schist,921,78B/5,VISUAL_REVIEW,ZONE_CREATED,408,0.3672,0.6301247029619389,0.6244250478282828,0.7561000431975171,515.8774518382353,17.130397619279993,78.64888383629805,54.838235294117645,0.1740196078431372,0.9534313725490196,0.965686274509804,0.5024509803921569,0.7426470588235294,0.6617647058823529,PRIMARY_ZONE,Higher,Model-derived probable recharge/influence zone; field validation required,57.37973159667865,Moderate,Site-specific recharge assessment,Site-specific Assessment,,Low,68.54280697480992,Higher Priority
99,West Bengal,Darjeeling,8 Dhuray Dhara,26.872477,88.284635,1401.9,6.2,,1438.0,36.09999999999991,1449.0,47.09999999999991,OK,26.14449691772461,297.4633178710937,3244.854736328125,10,Tree cover,27.55190174240253,43.0,264.0,Schist,921,78B/5,VISUAL_REVIEW,ZONE_CREATED,879,0.7911,0.6956029753266662,0.6815608344181385,0.8365082463886688,1416.0386803868032,24.264312004428728,49.35370661283629,147.9169510807736,0.4505119453924914,0.9988623435722412,0.9089874857792948,0.8031854379977247,0.764505119453925,0.7792946530147895,PRIMARY_ZONE,Higher,Model-derived probable recharge/influence zone; field validation required,67.32603333603534,Moderate,Site-specific recharge assessment,Site-specific Assessment,,Low,77.04185625846137,Higher Priority
100,West Bengal,Darjeeling,JungpanaKholaSource,26.90459,88.318518,1379.45,6.92,,1407.0,27.549999999999955,1406.0,26.549999999999955,OK,28.2076416015625,5.825709342956543,3029.22314453125,10,Tree cover,151.0046937986269,20.0,276.0,Schist,921,78B/5,VISUAL_REVIEW,ZONE_CREATED,740,0.666,0.6868015832172586,0.6772550407535476,0.801828156082228,1457.0337837837835,26.0161247826882,54.284501152800026,118.59594594594594,0.6621621621621622,0.9783783783783784,0.9675675675675676,0.6324324324324324,0.8513513513513513,0.8262162162162162,PRIMARY_ZONE,Higher,Model-derived probable recharge/influence zone; field validation required,58.83955872005554,Moderate,Site-specific recharge assessment,Site-specific Assessment,,Low,74.20626584651427,Higher Priority
